<?xml version="1.0" encoding="UTF-8"?>
<root>
  <item name="com.google.android.exoplayer2.DefaultRenderersFactory DefaultRenderersFactory(android.content.Context, com.google.android.exoplayer2.drm.DrmSessionManager&lt;com.google.android.exoplayer2.drm.FrameworkMediaCrypto&gt;, int) 2">
    <annotation name="android.support.annotation.IntDef">
      <val name="value" val="{com.google.android.exoplayer2.DefaultRenderersFactory.EXTENSION_RENDERER_MODE_OFF, com.google.android.exoplayer2.DefaultRenderersFactory.EXTENSION_RENDERER_MODE_ON, com.google.android.exoplayer2.DefaultRenderersFactory.EXTENSION_RENDERER_MODE_PREFER}" />
    </annotation>
  </item>
  <item name="com.google.android.exoplayer2.DefaultRenderersFactory DefaultRenderersFactory(android.content.Context, com.google.android.exoplayer2.drm.DrmSessionManager&lt;com.google.android.exoplayer2.drm.FrameworkMediaCrypto&gt;, int, long) 2">
    <annotation name="android.support.annotation.IntDef">
      <val name="value" val="{com.google.android.exoplayer2.DefaultRenderersFactory.EXTENSION_RENDERER_MODE_OFF, com.google.android.exoplayer2.DefaultRenderersFactory.EXTENSION_RENDERER_MODE_ON, com.google.android.exoplayer2.DefaultRenderersFactory.EXTENSION_RENDERER_MODE_PREFER}" />
    </annotation>
  </item>
  <item name="com.google.android.exoplayer2.DefaultRenderersFactory extensionRendererMode">
    <annotation name="android.support.annotation.IntDef">
      <val name="value" val="{com.google.android.exoplayer2.DefaultRenderersFactory.EXTENSION_RENDERER_MODE_OFF, com.google.android.exoplayer2.DefaultRenderersFactory.EXTENSION_RENDERER_MODE_ON, com.google.android.exoplayer2.DefaultRenderersFactory.EXTENSION_RENDERER_MODE_PREFER}" />
    </annotation>
  </item>
  <item name="com.google.android.exoplayer2.DefaultRenderersFactory void buildAudioRenderers(android.content.Context, com.google.android.exoplayer2.drm.DrmSessionManager&lt;com.google.android.exoplayer2.drm.FrameworkMediaCrypto&gt;, com.google.android.exoplayer2.audio.AudioProcessor[], android.os.Handler, com.google.android.exoplayer2.audio.AudioRendererEventListener, int, java.util.ArrayList&lt;com.google.android.exoplayer2.Renderer&gt;) 5">
    <annotation name="android.support.annotation.IntDef">
      <val name="value" val="{com.google.android.exoplayer2.DefaultRenderersFactory.EXTENSION_RENDERER_MODE_OFF, com.google.android.exoplayer2.DefaultRenderersFactory.EXTENSION_RENDERER_MODE_ON, com.google.android.exoplayer2.DefaultRenderersFactory.EXTENSION_RENDERER_MODE_PREFER}" />
    </annotation>
  </item>
  <item name="com.google.android.exoplayer2.DefaultRenderersFactory void buildMetadataRenderers(android.content.Context, com.google.android.exoplayer2.metadata.MetadataRenderer.Output, android.os.Looper, int, java.util.ArrayList&lt;com.google.android.exoplayer2.Renderer&gt;) 3">
    <annotation name="android.support.annotation.IntDef">
      <val name="value" val="{com.google.android.exoplayer2.DefaultRenderersFactory.EXTENSION_RENDERER_MODE_OFF, com.google.android.exoplayer2.DefaultRenderersFactory.EXTENSION_RENDERER_MODE_ON, com.google.android.exoplayer2.DefaultRenderersFactory.EXTENSION_RENDERER_MODE_PREFER}" />
    </annotation>
  </item>
  <item name="com.google.android.exoplayer2.DefaultRenderersFactory void buildMiscellaneousRenderers(android.content.Context, android.os.Handler, int, java.util.ArrayList&lt;com.google.android.exoplayer2.Renderer&gt;) 2">
    <annotation name="android.support.annotation.IntDef">
      <val name="value" val="{com.google.android.exoplayer2.DefaultRenderersFactory.EXTENSION_RENDERER_MODE_OFF, com.google.android.exoplayer2.DefaultRenderersFactory.EXTENSION_RENDERER_MODE_ON, com.google.android.exoplayer2.DefaultRenderersFactory.EXTENSION_RENDERER_MODE_PREFER}" />
    </annotation>
  </item>
  <item name="com.google.android.exoplayer2.DefaultRenderersFactory void buildTextRenderers(android.content.Context, com.google.android.exoplayer2.text.TextRenderer.Output, android.os.Looper, int, java.util.ArrayList&lt;com.google.android.exoplayer2.Renderer&gt;) 3">
    <annotation name="android.support.annotation.IntDef">
      <val name="value" val="{com.google.android.exoplayer2.DefaultRenderersFactory.EXTENSION_RENDERER_MODE_OFF, com.google.android.exoplayer2.DefaultRenderersFactory.EXTENSION_RENDERER_MODE_ON, com.google.android.exoplayer2.DefaultRenderersFactory.EXTENSION_RENDERER_MODE_PREFER}" />
    </annotation>
  </item>
  <item name="com.google.android.exoplayer2.DefaultRenderersFactory void buildVideoRenderers(android.content.Context, com.google.android.exoplayer2.drm.DrmSessionManager&lt;com.google.android.exoplayer2.drm.FrameworkMediaCrypto&gt;, long, android.os.Handler, com.google.android.exoplayer2.video.VideoRendererEventListener, int, java.util.ArrayList&lt;com.google.android.exoplayer2.Renderer&gt;) 5">
    <annotation name="android.support.annotation.IntDef">
      <val name="value" val="{com.google.android.exoplayer2.DefaultRenderersFactory.EXTENSION_RENDERER_MODE_OFF, com.google.android.exoplayer2.DefaultRenderersFactory.EXTENSION_RENDERER_MODE_ON, com.google.android.exoplayer2.DefaultRenderersFactory.EXTENSION_RENDERER_MODE_PREFER}" />
    </annotation>
  </item>
  <item name="com.google.android.exoplayer2.ExoPlaybackException ExoPlaybackException(int, java.lang.String, java.lang.Throwable, int) 0">
    <annotation name="android.support.annotation.IntDef">
      <val name="value" val="{com.google.android.exoplayer2.ExoPlaybackException.TYPE_SOURCE, com.google.android.exoplayer2.ExoPlaybackException.TYPE_RENDERER, com.google.android.exoplayer2.ExoPlaybackException.TYPE_UNEXPECTED}" />
    </annotation>
  </item>
  <item name="com.google.android.exoplayer2.ExoPlaybackException type">
    <annotation name="android.support.annotation.IntDef">
      <val name="value" val="{com.google.android.exoplayer2.ExoPlaybackException.TYPE_SOURCE, com.google.android.exoplayer2.ExoPlaybackException.TYPE_RENDERER, com.google.android.exoplayer2.ExoPlaybackException.TYPE_UNEXPECTED}" />
    </annotation>
  </item>
  <item name="com.google.android.exoplayer2.ExoPlayerFactory com.google.android.exoplayer2.SimpleExoPlayer newSimpleInstance(android.content.Context, com.google.android.exoplayer2.trackselection.TrackSelector, com.google.android.exoplayer2.LoadControl, com.google.android.exoplayer2.drm.DrmSessionManager&lt;com.google.android.exoplayer2.drm.FrameworkMediaCrypto&gt;, int) 4">
    <annotation name="android.support.annotation.IntDef">
      <val name="value" val="{com.google.android.exoplayer2.DefaultRenderersFactory.EXTENSION_RENDERER_MODE_OFF, com.google.android.exoplayer2.DefaultRenderersFactory.EXTENSION_RENDERER_MODE_ON, com.google.android.exoplayer2.DefaultRenderersFactory.EXTENSION_RENDERER_MODE_PREFER}" />
    </annotation>
  </item>
  <item name="com.google.android.exoplayer2.ExoPlayerFactory com.google.android.exoplayer2.SimpleExoPlayer newSimpleInstance(android.content.Context, com.google.android.exoplayer2.trackselection.TrackSelector, com.google.android.exoplayer2.LoadControl, com.google.android.exoplayer2.drm.DrmSessionManager&lt;com.google.android.exoplayer2.drm.FrameworkMediaCrypto&gt;, int, long) 4">
    <annotation name="android.support.annotation.IntDef">
      <val name="value" val="{com.google.android.exoplayer2.DefaultRenderersFactory.EXTENSION_RENDERER_MODE_OFF, com.google.android.exoplayer2.DefaultRenderersFactory.EXTENSION_RENDERER_MODE_ON, com.google.android.exoplayer2.DefaultRenderersFactory.EXTENSION_RENDERER_MODE_PREFER}" />
    </annotation>
  </item>
  <item name="com.google.android.exoplayer2.Format Format(java.lang.String, java.lang.String, java.lang.String, java.lang.String, int, int, int, int, float, int, float, byte[], int, com.google.android.exoplayer2.video.ColorInfo, int, int, int, int, int, int, java.lang.String, int, long, java.util.List&lt;byte[]&gt;, com.google.android.exoplayer2.drm.DrmInitData, com.google.android.exoplayer2.metadata.Metadata) 12">
    <annotation name="android.support.annotation.IntDef">
      <val name="value" val="{com.google.android.exoplayer2.Format.NO_VALUE, com.google.android.exoplayer2.C.STEREO_MODE_MONO, com.google.android.exoplayer2.C.STEREO_MODE_TOP_BOTTOM, com.google.android.exoplayer2.C.STEREO_MODE_LEFT_RIGHT, com.google.android.exoplayer2.C.STEREO_MODE_STEREO_MESH}" />
    </annotation>
  </item>
  <item name="com.google.android.exoplayer2.Format Format(java.lang.String, java.lang.String, java.lang.String, java.lang.String, int, int, int, int, float, int, float, byte[], int, com.google.android.exoplayer2.video.ColorInfo, int, int, int, int, int, int, java.lang.String, int, long, java.util.List&lt;byte[]&gt;, com.google.android.exoplayer2.drm.DrmInitData, com.google.android.exoplayer2.metadata.Metadata) 16">
    <annotation name="android.support.annotation.IntDef">
      <val name="value" val="{com.google.android.exoplayer2.Format.NO_VALUE, com.google.android.exoplayer2.C.ENCODING_INVALID, com.google.android.exoplayer2.C.ENCODING_PCM_8BIT, com.google.android.exoplayer2.C.ENCODING_PCM_16BIT, com.google.android.exoplayer2.C.ENCODING_PCM_24BIT, com.google.android.exoplayer2.C.ENCODING_PCM_32BIT}" />
    </annotation>
  </item>
  <item name="com.google.android.exoplayer2.Format Format(java.lang.String, java.lang.String, java.lang.String, java.lang.String, int, int, int, int, float, int, float, byte[], int, com.google.android.exoplayer2.video.ColorInfo, int, int, int, int, int, int, java.lang.String, int, long, java.util.List&lt;byte[]&gt;, com.google.android.exoplayer2.drm.DrmInitData, com.google.android.exoplayer2.metadata.Metadata) 19">
    <annotation name="android.support.annotation.IntDef">
      <val name="flag" val="true" />
      <val name="value" val="{com.google.android.exoplayer2.C.SELECTION_FLAG_DEFAULT, com.google.android.exoplayer2.C.SELECTION_FLAG_FORCED, com.google.android.exoplayer2.C.SELECTION_FLAG_AUTOSELECT}" />
    </annotation>
  </item>
  <item name="com.google.android.exoplayer2.Format com.google.android.exoplayer2.Format copyWithContainerInfo(java.lang.String, java.lang.String, int, int, int, int, java.lang.String) 5">
    <annotation name="android.support.annotation.IntDef">
      <val name="flag" val="true" />
      <val name="value" val="{com.google.android.exoplayer2.C.SELECTION_FLAG_DEFAULT, com.google.android.exoplayer2.C.SELECTION_FLAG_FORCED, com.google.android.exoplayer2.C.SELECTION_FLAG_AUTOSELECT}" />
    </annotation>
  </item>
  <item name="com.google.android.exoplayer2.Format com.google.android.exoplayer2.Format createAudioContainerFormat(java.lang.String, java.lang.String, java.lang.String, java.lang.String, int, int, int, java.util.List&lt;byte[]&gt;, int, java.lang.String) 8">
    <annotation name="android.support.annotation.IntDef">
      <val name="flag" val="true" />
      <val name="value" val="{com.google.android.exoplayer2.C.SELECTION_FLAG_DEFAULT, com.google.android.exoplayer2.C.SELECTION_FLAG_FORCED, com.google.android.exoplayer2.C.SELECTION_FLAG_AUTOSELECT}" />
    </annotation>
  </item>
  <item name="com.google.android.exoplayer2.Format com.google.android.exoplayer2.Format createAudioSampleFormat(java.lang.String, java.lang.String, java.lang.String, int, int, int, int, int, int, int, java.util.List&lt;byte[]&gt;, com.google.android.exoplayer2.drm.DrmInitData, int, java.lang.String, com.google.android.exoplayer2.metadata.Metadata) 12">
    <annotation name="android.support.annotation.IntDef">
      <val name="flag" val="true" />
      <val name="value" val="{com.google.android.exoplayer2.C.SELECTION_FLAG_DEFAULT, com.google.android.exoplayer2.C.SELECTION_FLAG_FORCED, com.google.android.exoplayer2.C.SELECTION_FLAG_AUTOSELECT}" />
    </annotation>
  </item>
  <item name="com.google.android.exoplayer2.Format com.google.android.exoplayer2.Format createAudioSampleFormat(java.lang.String, java.lang.String, java.lang.String, int, int, int, int, int, int, int, java.util.List&lt;byte[]&gt;, com.google.android.exoplayer2.drm.DrmInitData, int, java.lang.String, com.google.android.exoplayer2.metadata.Metadata) 7">
    <annotation name="android.support.annotation.IntDef">
      <val name="value" val="{com.google.android.exoplayer2.Format.NO_VALUE, com.google.android.exoplayer2.C.ENCODING_INVALID, com.google.android.exoplayer2.C.ENCODING_PCM_8BIT, com.google.android.exoplayer2.C.ENCODING_PCM_16BIT, com.google.android.exoplayer2.C.ENCODING_PCM_24BIT, com.google.android.exoplayer2.C.ENCODING_PCM_32BIT}" />
    </annotation>
  </item>
  <item name="com.google.android.exoplayer2.Format com.google.android.exoplayer2.Format createAudioSampleFormat(java.lang.String, java.lang.String, java.lang.String, int, int, int, int, int, java.util.List&lt;byte[]&gt;, com.google.android.exoplayer2.drm.DrmInitData, int, java.lang.String) 10">
    <annotation name="android.support.annotation.IntDef">
      <val name="flag" val="true" />
      <val name="value" val="{com.google.android.exoplayer2.C.SELECTION_FLAG_DEFAULT, com.google.android.exoplayer2.C.SELECTION_FLAG_FORCED, com.google.android.exoplayer2.C.SELECTION_FLAG_AUTOSELECT}" />
    </annotation>
  </item>
  <item name="com.google.android.exoplayer2.Format com.google.android.exoplayer2.Format createAudioSampleFormat(java.lang.String, java.lang.String, java.lang.String, int, int, int, int, int, java.util.List&lt;byte[]&gt;, com.google.android.exoplayer2.drm.DrmInitData, int, java.lang.String) 7">
    <annotation name="android.support.annotation.IntDef">
      <val name="value" val="{com.google.android.exoplayer2.Format.NO_VALUE, com.google.android.exoplayer2.C.ENCODING_INVALID, com.google.android.exoplayer2.C.ENCODING_PCM_8BIT, com.google.android.exoplayer2.C.ENCODING_PCM_16BIT, com.google.android.exoplayer2.C.ENCODING_PCM_24BIT, com.google.android.exoplayer2.C.ENCODING_PCM_32BIT}" />
    </annotation>
  </item>
  <item name="com.google.android.exoplayer2.Format com.google.android.exoplayer2.Format createAudioSampleFormat(java.lang.String, java.lang.String, java.lang.String, int, int, int, int, java.util.List&lt;byte[]&gt;, com.google.android.exoplayer2.drm.DrmInitData, int, java.lang.String) 9">
    <annotation name="android.support.annotation.IntDef">
      <val name="flag" val="true" />
      <val name="value" val="{com.google.android.exoplayer2.C.SELECTION_FLAG_DEFAULT, com.google.android.exoplayer2.C.SELECTION_FLAG_FORCED, com.google.android.exoplayer2.C.SELECTION_FLAG_AUTOSELECT}" />
    </annotation>
  </item>
  <item name="com.google.android.exoplayer2.Format com.google.android.exoplayer2.Format createContainerFormat(java.lang.String, java.lang.String, java.lang.String, java.lang.String, int, int, java.lang.String) 5">
    <annotation name="android.support.annotation.IntDef">
      <val name="flag" val="true" />
      <val name="value" val="{com.google.android.exoplayer2.C.SELECTION_FLAG_DEFAULT, com.google.android.exoplayer2.C.SELECTION_FLAG_FORCED, com.google.android.exoplayer2.C.SELECTION_FLAG_AUTOSELECT}" />
    </annotation>
  </item>
  <item name="com.google.android.exoplayer2.Format com.google.android.exoplayer2.Format createTextContainerFormat(java.lang.String, java.lang.String, java.lang.String, java.lang.String, int, int, java.lang.String) 5">
    <annotation name="android.support.annotation.IntDef">
      <val name="flag" val="true" />
      <val name="value" val="{com.google.android.exoplayer2.C.SELECTION_FLAG_DEFAULT, com.google.android.exoplayer2.C.SELECTION_FLAG_FORCED, com.google.android.exoplayer2.C.SELECTION_FLAG_AUTOSELECT}" />
    </annotation>
  </item>
  <item name="com.google.android.exoplayer2.Format com.google.android.exoplayer2.Format createTextContainerFormat(java.lang.String, java.lang.String, java.lang.String, java.lang.String, int, int, java.lang.String, int) 5">
    <annotation name="android.support.annotation.IntDef">
      <val name="flag" val="true" />
      <val name="value" val="{com.google.android.exoplayer2.C.SELECTION_FLAG_DEFAULT, com.google.android.exoplayer2.C.SELECTION_FLAG_FORCED, com.google.android.exoplayer2.C.SELECTION_FLAG_AUTOSELECT}" />
    </annotation>
  </item>
  <item name="com.google.android.exoplayer2.Format com.google.android.exoplayer2.Format createTextSampleFormat(java.lang.String, java.lang.String, java.lang.String, int, int, java.lang.String, com.google.android.exoplayer2.drm.DrmInitData) 4">
    <annotation name="android.support.annotation.IntDef">
      <val name="flag" val="true" />
      <val name="value" val="{com.google.android.exoplayer2.C.SELECTION_FLAG_DEFAULT, com.google.android.exoplayer2.C.SELECTION_FLAG_FORCED, com.google.android.exoplayer2.C.SELECTION_FLAG_AUTOSELECT}" />
    </annotation>
  </item>
  <item name="com.google.android.exoplayer2.Format com.google.android.exoplayer2.Format createTextSampleFormat(java.lang.String, java.lang.String, java.lang.String, int, int, java.lang.String, com.google.android.exoplayer2.drm.DrmInitData, long) 4">
    <annotation name="android.support.annotation.IntDef">
      <val name="flag" val="true" />
      <val name="value" val="{com.google.android.exoplayer2.C.SELECTION_FLAG_DEFAULT, com.google.android.exoplayer2.C.SELECTION_FLAG_FORCED, com.google.android.exoplayer2.C.SELECTION_FLAG_AUTOSELECT}" />
    </annotation>
  </item>
  <item name="com.google.android.exoplayer2.Format com.google.android.exoplayer2.Format createTextSampleFormat(java.lang.String, java.lang.String, java.lang.String, int, int, java.lang.String, int, com.google.android.exoplayer2.drm.DrmInitData) 4">
    <annotation name="android.support.annotation.IntDef">
      <val name="flag" val="true" />
      <val name="value" val="{com.google.android.exoplayer2.C.SELECTION_FLAG_DEFAULT, com.google.android.exoplayer2.C.SELECTION_FLAG_FORCED, com.google.android.exoplayer2.C.SELECTION_FLAG_AUTOSELECT}" />
    </annotation>
  </item>
  <item name="com.google.android.exoplayer2.Format com.google.android.exoplayer2.Format createTextSampleFormat(java.lang.String, java.lang.String, java.lang.String, int, int, java.lang.String, int, com.google.android.exoplayer2.drm.DrmInitData, long, java.util.List&lt;byte[]&gt;) 4">
    <annotation name="android.support.annotation.IntDef">
      <val name="flag" val="true" />
      <val name="value" val="{com.google.android.exoplayer2.C.SELECTION_FLAG_DEFAULT, com.google.android.exoplayer2.C.SELECTION_FLAG_FORCED, com.google.android.exoplayer2.C.SELECTION_FLAG_AUTOSELECT}" />
    </annotation>
  </item>
  <item name="com.google.android.exoplayer2.Format com.google.android.exoplayer2.Format createVideoContainerFormat(java.lang.String, java.lang.String, java.lang.String, java.lang.String, int, int, int, float, java.util.List&lt;byte[]&gt;, int) 9">
    <annotation name="android.support.annotation.IntDef">
      <val name="flag" val="true" />
      <val name="value" val="{com.google.android.exoplayer2.C.SELECTION_FLAG_DEFAULT, com.google.android.exoplayer2.C.SELECTION_FLAG_FORCED, com.google.android.exoplayer2.C.SELECTION_FLAG_AUTOSELECT}" />
    </annotation>
  </item>
  <item name="com.google.android.exoplayer2.Format com.google.android.exoplayer2.Format createVideoSampleFormat(java.lang.String, java.lang.String, java.lang.String, int, int, int, int, float, java.util.List&lt;byte[]&gt;, int, float, byte[], int, com.google.android.exoplayer2.video.ColorInfo, com.google.android.exoplayer2.drm.DrmInitData) 12">
    <annotation name="android.support.annotation.IntDef">
      <val name="value" val="{com.google.android.exoplayer2.Format.NO_VALUE, com.google.android.exoplayer2.C.STEREO_MODE_MONO, com.google.android.exoplayer2.C.STEREO_MODE_TOP_BOTTOM, com.google.android.exoplayer2.C.STEREO_MODE_LEFT_RIGHT, com.google.android.exoplayer2.C.STEREO_MODE_STEREO_MESH}" />
    </annotation>
  </item>
  <item name="com.google.android.exoplayer2.Format pcmEncoding">
    <annotation name="android.support.annotation.IntDef">
      <val name="value" val="{com.google.android.exoplayer2.Format.NO_VALUE, com.google.android.exoplayer2.C.ENCODING_INVALID, com.google.android.exoplayer2.C.ENCODING_PCM_8BIT, com.google.android.exoplayer2.C.ENCODING_PCM_16BIT, com.google.android.exoplayer2.C.ENCODING_PCM_24BIT, com.google.android.exoplayer2.C.ENCODING_PCM_32BIT}" />
    </annotation>
  </item>
  <item name="com.google.android.exoplayer2.Format selectionFlags">
    <annotation name="android.support.annotation.IntDef">
      <val name="flag" val="true" />
      <val name="value" val="{com.google.android.exoplayer2.C.SELECTION_FLAG_DEFAULT, com.google.android.exoplayer2.C.SELECTION_FLAG_FORCED, com.google.android.exoplayer2.C.SELECTION_FLAG_AUTOSELECT}" />
    </annotation>
  </item>
  <item name="com.google.android.exoplayer2.Format stereoMode">
    <annotation name="android.support.annotation.IntDef">
      <val name="value" val="{com.google.android.exoplayer2.Format.NO_VALUE, com.google.android.exoplayer2.C.STEREO_MODE_MONO, com.google.android.exoplayer2.C.STEREO_MODE_TOP_BOTTOM, com.google.android.exoplayer2.C.STEREO_MODE_LEFT_RIGHT, com.google.android.exoplayer2.C.STEREO_MODE_STEREO_MESH}" />
    </annotation>
  </item>
  <item name="com.google.android.exoplayer2.SimpleExoPlayer audioStreamType">
    <annotation name="android.support.annotation.IntDef">
      <val name="value" val="{com.google.android.exoplayer2.C.STREAM_TYPE_ALARM, com.google.android.exoplayer2.C.STREAM_TYPE_MUSIC, com.google.android.exoplayer2.C.STREAM_TYPE_NOTIFICATION, com.google.android.exoplayer2.C.STREAM_TYPE_RING, com.google.android.exoplayer2.C.STREAM_TYPE_SYSTEM, com.google.android.exoplayer2.C.STREAM_TYPE_VOICE_CALL}" />
    </annotation>
  </item>
  <item name="com.google.android.exoplayer2.SimpleExoPlayer int getAudioStreamType()">
    <annotation name="android.support.annotation.IntDef">
      <val name="value" val="{com.google.android.exoplayer2.C.STREAM_TYPE_ALARM, com.google.android.exoplayer2.C.STREAM_TYPE_MUSIC, com.google.android.exoplayer2.C.STREAM_TYPE_NOTIFICATION, com.google.android.exoplayer2.C.STREAM_TYPE_RING, com.google.android.exoplayer2.C.STREAM_TYPE_SYSTEM, com.google.android.exoplayer2.C.STREAM_TYPE_VOICE_CALL}" />
    </annotation>
  </item>
  <item name="com.google.android.exoplayer2.SimpleExoPlayer int getVideoScalingMode()">
    <annotation name="android.support.annotation.IntDef">
      <val name="value" val="{com.google.android.exoplayer2.C.VIDEO_SCALING_MODE_SCALE_TO_FIT, com.google.android.exoplayer2.C.VIDEO_SCALING_MODE_SCALE_TO_FIT_WITH_CROPPING}" />
    </annotation>
  </item>
  <item name="com.google.android.exoplayer2.SimpleExoPlayer videoScalingMode">
    <annotation name="android.support.annotation.IntDef">
      <val name="value" val="{com.google.android.exoplayer2.C.VIDEO_SCALING_MODE_SCALE_TO_FIT, com.google.android.exoplayer2.C.VIDEO_SCALING_MODE_SCALE_TO_FIT_WITH_CROPPING}" />
    </annotation>
  </item>
  <item name="com.google.android.exoplayer2.SimpleExoPlayer void setAudioStreamType(int) 0">
    <annotation name="android.support.annotation.IntDef">
      <val name="value" val="{com.google.android.exoplayer2.C.STREAM_TYPE_ALARM, com.google.android.exoplayer2.C.STREAM_TYPE_MUSIC, com.google.android.exoplayer2.C.STREAM_TYPE_NOTIFICATION, com.google.android.exoplayer2.C.STREAM_TYPE_RING, com.google.android.exoplayer2.C.STREAM_TYPE_SYSTEM, com.google.android.exoplayer2.C.STREAM_TYPE_VOICE_CALL}" />
    </annotation>
  </item>
  <item name="com.google.android.exoplayer2.SimpleExoPlayer void setVideoScalingMode(int) 0">
    <annotation name="android.support.annotation.IntDef">
      <val name="value" val="{com.google.android.exoplayer2.C.VIDEO_SCALING_MODE_SCALE_TO_FIT, com.google.android.exoplayer2.C.VIDEO_SCALING_MODE_SCALE_TO_FIT_WITH_CROPPING}" />
    </annotation>
  </item>
</root>

